[
  {"name": "Academy Road",                          "short":"Academy" },
  {"name": "Aftabnagar",                            "short":"Aftabnagar" },
  {"name": "Aftabnagar Pre-cell",                   "short":"Aftabnagar" },
  {"name": "Agargaon",                              "short":"Agargaon" },
  {"name": "Agargaon Cell",                         "short":"Agargaon" },
  {"name": "Agrabad branch",                        "short":"Agrabad" },
  {"name": "Ahmedbag Pre-cell (Motijheel)",         "short":"Ahmedbag" },
  {"name": "Ahmednagar",                            "short":"Ahmednagar" },
  {"name": "Ahmednagar Cell",                       "short":"Ahmednagar" },
  {"name": "Amberkhana Branch",                     "short":"Amberkhana" },
  {"name": "Ashkona",                               "short":"Ashkona" },
  {"name": "Bagbari-zindabazar",                    "short":"Bagbari" },
  {"name": "Banani",                                "short":"Banani" },
  {"name": "Banani Branch",                         "short":"Banani" },
  {"name": "Banani Center",                         "short":"Banani" },
  {"name": "Banasree",                              "short":"Banasree" },
  {"name": "Banasree Cell",                         "short":"Banasree" },
  {"name": "Banasree Center",                       "short":"Banasree" },
  {"name": "Bandarban",                             "short":"Bandarban" },
  {"name": "Baridhara",                             "short":"Baridhara" },
  {"name": "Baridhara-Joar Sahara",                 "short":"Baridhara" },
  {"name": "Baridhara-Joar Sahara Cell",            "short":"Baridhara" },
  {"name": "Barishal",                              "short":"Barishal" },
  {"name": "Barishal Branch",                       "short":"Barishal" },
  {"name": "Bashundhara Pre -Cell",                 "short":"Basundhara" },
  {"name": "Basundhara",                            "short":"Basundhara" },
  {"name": "Basundhara Pre-Cell",                   "short":"Basundhara" },
  {"name": "Bhairab",                               "short":"Bhairab" },
  {"name": "Bhairab Pre-cell",                      "short":"Bhairab" },
  {"name": "Blood Program Cell",                    "short":"Blood" },
  {"name": "Board Bazar",                           "short":"Board" },
  {"name": "Bogura Branch",                         "short":"Bogura" },
  {"name": "Boyra Cell",                            "short":"Boyra" },
  {"name": "Brahman Baria",                         "short":"B.Baria" },
  {"name": "Brahman Baria Cell",                    "short":"B.Baria" },
  {"name": "Business Meditation Society(BMS)",      "short":"BMS" },
  {"name": "Chamelibag",                            "short":"Chamelibag" },
  {"name": "Chandgaon Branch",                      "short":"Chandgaon" },
  {"name": "Chandina",                              "short":"Chandina" },
  {"name": "Chandpur",                              "short":"Chandpur" },
  {"name": "ChapaiNawabgonj Cell",                  "short":"Chapai" },
  {"name": "Chattogram Center",                     "short":"Chattogram" },
  {"name": "Chawk Bazar Cell",                      "short":"Chawk" },
  {"name": "Ctg.University Cell",                   "short":"Ctg.Uni" },
  {"name": "Cumilla Branch",                        "short":"Cumilla" },
  {"name": "Dafon",                                 "short":"Dafon" },
  {"name": "Dafon Sheba",                           "short":"Dafon" },
  {"name": "Dania",                                 "short":"Dania" },
  {"name": "Dania",                                 "short":"Dania" },
  {"name": "Dania Branch",                          "short":"Dania" },
  {"name": "Deara Cell",                            "short":"Deara" },
  {"name": "Dewan Bazar Cell",                      "short":"Dewan Bazar" },
  {"name": "Dhanmondi",                             "short":"Dhanmondi" },
  {"name": "Dhanmondi Branch",                      "short":"Dhanmondi" },
  {"name": "Dhanmondi Lake",                        "short":"Dhanmondi" },
  {"name": "Dinajpur Branch",                       "short":"Dinajpur" },
  {"name": "Dinajpur Cell",                         "short":"Dinajpur" },
  {"name": "DUET",                                  "short":"DUET" },
  {"name": "Faridpur",                              "short":"Faridpur" },
  {"name": "Fatullah Pre-Cell",                     "short":"Fatullah" },
  {"name": "Feni Branch",                           "short":"Feni" },
  {"name": "Feni Cell",                             "short":"Feni" },
  {"name": "Gaibandha Cell",                        "short":"Gaibandha" },
  {"name": "Gaibandha Pre-Cell",                    "short":"Gaibandha" },
  {"name": "Gazipur",                               "short":"Gazipur" },
  {"name": "Gazipur Branch",                        "short":"Gazipur" },
  {"name": "Gazipur Sadar",                         "short":"Gazipur" },
  {"name": "Gopalgonj Branch",                      "short":"Gopalgonj" },
  {"name": "Habigonj Branch",                       "short":"Habigonj" },
  {"name": "Halda Pre-Cell",                        "short":"Halda" },
  {"name": "Halishahar Branch",                     "short":"Halishahar" },
  {"name": "Hatekhari",                             "short":"Hatekhari" },
  {"name": "Hatekhari Pre-Cell",                    "short":"Hatekhari" },
  {"name": "Hatirpool",                             "short":"Hatirpool" },
  {"name": "Hatirpool Branch",                      "short":"Hatirpool" },
  {"name": "Health Care",                           "short":"Health" },
  {"name": "Jamalpur Cell",                         "short":"Jamalpur" },
  {"name": "Jashore Branch",                        "short":"Jashore" },
  {"name": "Jatrabari",                             "short":"Jatrabari" },
  {"name": "Joypurhat Cell",                        "short":"Joypurhat" },
  {"name": "K M Das Lane",                          "short":"K M Das" },
  {"name": "K M Das Lane Pre-Cell",                 "short":"K M Das" },
  {"name": "Kalurghat",                             "short":"Kalurghat" },
  {"name": "Kalurghat Pre-Cell",                    "short":"Kalurghat" },
  {"name": "Kapasia",                               "short":"Kapasia" },
  {"name": "Kapasia Pre-Cell",                      "short":"Kapasia" },
  {"name": "Kataban Pre-Cell",                      "short":"Kataban" },
  {"name": "Katalgonj",                             "short":"Katalgonj" },
  {"name": "Kazir Dewri Branch",                    "short":"Kazir Dewri" },
  {"name": "Kendro",                                "short":"Kendro" },
  {"name": "Keranigonj",                            "short":"Keranigonj" },
  {"name": "Keranigonj Pre-Cell",                   "short":"Keranigonj" },
  {"name": "Keya",                                  "short":"Keya" },
  {"name": "Keya Pre-Cell",                         "short":"Keya" },
  {"name": "Khagrachari",                           "short":"Khagrachari" },
  {"name": "Khagrachari Cell",                      "short":"Khagrachari" },
  {"name": "Khalishpur Cell",                       "short":"Khalishpur" },
  {"name": "Khilgaon",                              "short":"Khilgaon" },
  {"name": "Khilkhet",                              "short":"Khilkhet" },
  {"name": "Khilkhet Pre-Cell",                     "short":"Khilkhet" },
  {"name": "Khulna Branch",                         "short":"Khulna" },
  {"name": "Khulshi Cell",                          "short":"Khulshi" },
  {"name": "Kishoregonj Cell",                      "short":"Kishoregonj" },
  {"name": "Kotowali Cell",                         "short":"Kotowali" },
  {"name": "KUET Pre-cell",                         "short":"KUET" },
  {"name": "Kushtia Cell",                          "short":"Kushtia" },
  {"name": "Lab",                                   "short":"Lab" },
  {"name": "Lakecity",                              "short":"Lakecity" },
  {"name": "Lakecity Concord",                      "short":"Lakecity" },
  {"name": "Lakecity Concord Pre-Cell",             "short":"Lakecity" },
  {"name": "Lalbagh",                               "short":"Lalbagh" },
  {"name": "Lalbagh Branch",                        "short":"Lalbagh" },
  {"name": "Lalkhan Bazar Cell",                    "short":"Lalkhan" },
  {"name": "Lalkuthi",                              "short":"Lalkuthi" },
  {"name": "Lalkuthi Cell",                         "short":"Lalkuthi" },
  {"name": "Lalmatia",                              "short":"Lalmatia" },
  {"name": "Lalmatia Cell",                         "short":"Lalmatia" },
  {"name": "Lalmonirhat Cell",                      "short":"Lalmonirhat" },
  {"name": "Lawyers Meditation Society",            "short":"LMS" },
  {"name": "Laxmipur",                              "short":"Laxmipur" },
  {"name": "Lohagara Cell",                         "short":"Lohagara" },
  {"name": "Mamudpur",                              "short":"Mamudpur" },
  {"name": "Manikgonj",                             "short":"Manikgonj" },
  {"name": "Md. Pur",                               "short":"Md. Pur" },
  {"name": "Media",                                 "short":"Media" },
  {"name": "Media Cell",                            "short":"Media" },
  {"name": "Mirpur",                                "short":"Mirpur" },
  {"name": "Mirpur Center",                         "short":"Mirpur" },
  {"name": "Mirpur -06",                            "short":"Mirpur-6" },
  {"name": "Mirpur-11",                             "short":"Mirpur-11" },
  {"name": "Mirpur-11 Cell",                        "short":"Mirpur-11" },
  {"name": "Mirpur-6 ",                             "short":"Mirpur-6" },
  {"name": "Mirpur-6 Cell",                         "short":"Mirpur-6" },
  {"name": "Moaynamoti Pre-Cell",                   "short":"Moaynamoti" },
  {"name": "Mohakhali",                             "short":"Moaynamoti" },
  {"name": "Mohakhali Branch",                      "short":"Moaynamoti" },
  {"name": "Mohammadpur",                           "short":"Md. Pur" },
  {"name": "Mohammadpur Branch",                    "short":"Md. Pur" },
  {"name": "Monipur",                               "short":"Monipur" },
  {"name": "Monipur Cell",                          "short":"Monipur" },
  {"name": "Monipuripara Pre-cell",                 "short":"Monipuripara" },
  {"name": "Motijheel",                             "short":"Motijheel" },
  {"name": "Motijheel Branch",                      "short":"Motijheel" },
  {"name": "Motijheel Center",                      "short":"Motijheel" },
  {"name": "Mugda",                                 "short":"Mugda" },
  {"name": "Mugda Pre-Cell",                        "short":"Mugda" },
  {"name": "Mukti-polli pre-cell",                  "short":"Mukti" },
  {"name": "Munshigonj",                            "short":"Munshigonj" },
  {"name": "Munshigonj Cell",                       "short":"Munshigonj" },
  {"name": "Mymensingh Branch",                     "short":"Mymensingh" },
  {"name": "Naogaon Branch",                        "short":"Naogaon" },
  {"name": "Narayangonj",                           "short":"Narayangonj" },
  {"name": "Narayangonj Branch",                    "short":"Narayangonj" },
  {"name": "Narayangonj Cell",                      "short":"Narayangonj" },
  {"name": "Narsingdi",                             "short":"Narsingdi" },
  {"name": "Narsingdi Branch",                      "short":"Narsingdi" },
  {"name": "Nasirabad Housing",                     "short":"Nasirabad" },
  {"name": "Natore cell",                           "short":"Natore" },
  {"name": "Netrokona Pre-cell",                    "short":"Netrokona" },
  {"name": "New Market Cell",                       "short":"New Market" },
  {"name": "NewYork Cell",                          "short":"NewYork" },
  {"name": "Niketon",                               "short":"Niketon" },
  {"name": "Niketon Branch",                        "short":"Niketon" },
  {"name": "Niketon Cell",                          "short":"Niketon" },
  {"name": "Nikunja",                               "short":"Nikunja" },
  {"name": "Noakhali",                              "short":"Noakhali" },
  {"name": "Noakhali Pre-Cell",                     "short":"Noakhali" },
  {"name": "North Road",                            "short":"North" },
  {"name": "O.R. Nizam Road Cell",                  "short":"Nizam Road" },
  {"name": "Oxygen Branch",                         "short":"Oxygen" },
  {"name": "Oxygen Cell",                           "short":"Oxygen" },
  {"name": "Pabna Cell",                            "short":"Pabna" },
  {"name": "Padma Abasik",                          "short":"Padma" },
  {"name": "Padma Abasik Cell",                     "short":"Padma" },
  {"name": "Pallabi",                               "short":"Pallabi" },
  {"name": "Pangsha Pre-Cell",                      "short":"Pangsha" },
  {"name": "Paribag Pre Cell",                      "short":"Paribag" },
  {"name": "Patenga Cell",                          "short":"Patenga" },
  {"name": "Peoples Pre-Cell",                      "short":"Peoples" },
  {"name": "Purobi",                                "short":"Purobi" },
  {"name": "Purobi Cell",                           "short":"Purobi" },
  {"name": "Quameso",                               "short":"Quameso" },
  {"name": "Quameso, Bronx",                        "short":"Quameso" },
  {"name": "Quameso, Heidelberg",                   "short":"Quameso" },
  {"name": "Quameso, Kuala Lumpur",                 "short":"Quameso" },
  {"name": "Quameso, London",                       "short":"Quameso" },
  {"name": "Quameso, Newyork",                      "short":"Quameso" },
  {"name": "Quameso, Sydney",                       "short":"Quameso" },
  {"name": "Quameso, Toronto",                      "short":"Quameso" },
  {"name": "Quamevir, Chicago",                     "short":"Quamevir" },
  {"name": "Quamevir, Delemont (Switzerland)",      "short":"Quamevir" },
  {"name": "Quantumom",                             "short":"Quantumom" },
  {"name": "Rajshahi Center",                       "short":"Rajshahi" },
  {"name": "Rangpur Branch",                        "short":"Rangpur" },
  {"name": "Rangpur Cell",                          "short":"Rangpur" },
  {"name": "Ring Road Pre-Cell",                    "short":"Ring Road" },
  {"name": "Rupnagar Pre-cell",                     "short":"Rupnagar" },
  {"name": "Sabujbagh",                             "short":"Sabujbagh" },
  {"name": "Sabujbagh Branch",                      "short":"Sabujbagh" },
  {"name": "Satkhira Cell",                         "short":"Satkhira" },
  {"name": "Savar",                                 "short":"Savar" },
  {"name": "Savar Cell",                            "short":"Savar" },
  {"name": "Senpara",                               "short":"Senpara" },
  {"name": "Senpara Cell",                          "short":"Senpara" },
  {"name": "Shagatayan",                            "short":"Shagatayan" },
  {"name": "Shahbag",                               "short":"Shahbag" },
  {"name": "Shahjadpur",                            "short":"Shahjadpur" },
  {"name": "Shahjadpur Cell",                       "short":"Shahjadpur" },
  {"name": "Shahjalal Uposhahar",                   "short":"Shahjalal" },
  {"name": "Shahjalal University Cell",             "short":"Shahjalal" },
  {"name": "Sherpur(Jamalpur) Pre-cell",            "short":"Sherpur" },
  {"name": "Shewra Para",                           "short":"Shewra Para" },
  {"name": "ShewraPara Cell",                       "short":"Shewrapara" },
  {"name": "Shyamoli",                              "short":"Shyamoli" },
  {"name": "Shyamoli Cell",                         "short":"Shyamoli" },
  {"name": "Sirajgonj Cell",                        "short":"Sirajgonj" },
  {"name": "Sitakunda Cell",                        "short":"Sitakunda" },
  {"name": "Sonargaon",                             "short":"Sonargaon" },
  {"name": "Sonargaon Cell",                        "short":"Sonargaon" },
  {"name": "South Banasree",                        "short":"South" },
  {"name": "South Banasree Cell",                   "short":"South" },
  {"name": "Sreepur",                               "short":"Sreepur" },
  {"name": "Sreepur Pre-Cell",                      "short":"Sreepur" },
  {"name": "Sunamgonj Branch",                      "short":"Sunamgonj" },
  {"name": "Sutrapur",                              "short":"Sutrapur" },
  {"name": "Sutrapur Cell",                         "short":"Sutrapur" },
  {"name": "Talibari",                              "short":"Talibari" },
  {"name": "Taltola Pre-Cell",                      "short":"Taltola" },
  {"name": "Tangail",                               "short":"Tangail" },
  {"name": "Tangail Pre-Cell",                      "short":"Tangail" },
  {"name": "Tejgaon",                               "short":"Tejgaon" },
  {"name": "Tejgaon Cell",                          "short":"Tejgaon" },
  {"name": "Tejgaon Shilpanchol",                   "short":"Tejgaon Shilpanchal" },
  {"name": "Tejgaon Shilpanchal Pre-Cell",          "short":"Tejgaon Shilpanchal" },
  {"name": "Tejkunipara",                           "short":"Tejkunipara" },
  {"name": "Tongi",                                 "short":"Tongi" },
  {"name": "Tongi Cell",                            "short":"Tongi" },
  {"name": "Turag",                                 "short":"Turag" },
  {"name": "Turag Pre-Cell",                        "short":"Turag" },
  {"name": "University Pre-cell (Khulna)",          "short":"University" },
  {"name": "Uttar Halishahar",                      "short":"Uttar Halishahar" },
  {"name": "Uttara",                                "short":"Uttara" },
  {"name": "Uttara Branch",                         "short":"Uttara" },
  {"name": "Uttara Center",                         "short":"Uttara" },
  {"name": "Uttara_sector7",                        "short":"Uttara_sector7" },
  {"name": "Uttara_sector7 Pre-Cell",               "short":"Uttara_sector7" },
  {"name": "Uttara_sector9",                        "short":"Uttara_sector9" },
  {"name": "Uttara_sector9 Pre-Cell",               "short":"Uttara_sector9" },
  {"name": "Web",                                   "short":"Web"}
]
   